{"0": {"precision": 0.9891205802357208, "recall": 0.9637809187279152, "f1-score": 0.9762863534675615, "support": 1132.0}, "1": {"precision": 0.9461235216819974, "recall": 0.9836065573770492, "f1-score": 0.9645010046885466, "support": 732.0}, "accuracy": 0.9715665236051502, "macro avg": {"precision": 0.9676220509588591, "recall": 0.9736937380524822, "f1-score": 0.9703936790780541, "support": 1864.0}, "weighted avg": {"precision": 0.9722354692586149, "recall": 0.9715665236051502, "f1-score": 0.971658201479236, "support": 1864.0}}